Input,Prediction,Conservative,Substitutions,Uncertain_substitutions
NP_000426.2 2270 T M,Benign,287,M I,0
NP_000426.2 2223 A V,Uncertain,221,T V,T V S
NP_000426.2 2190 A V,Uncertain,290,0,T
NP_000426.2 2074 P L,Uncertain,229,A L S,A T S
NP_000426.2 2011 V I,Uncertain,277,I,I
NP_000426.2 1998 R C,Damaging,292,0,0
NP_000426.2 1952 V M,Benign,287,M I,0
NP_000426.2 1893 R Q,Damaging,292,0,0
NP_000426.2 1837 R H,Damaging,292,0,0
NP_000426.2 1762 V M,Uncertain,229,G M,M
NP_000426.2 1710 G D,Benign,230,E D S,0
NP_000426.2 1560 R P,Uncertain,284,W Q,0
NP_000426.2 1519 L P,Uncertain,278,M W V,0
NP_000426.2 1518 L M,Damaging,292,0,0
NP_000426.2 1342 A D,Uncertain,83,T L V S G,T L V Q M S I F
NP_000426.2 1309 R C,Uncertain,234,A L S,P L
NP_000426.2 1210 R H,Uncertain,197,Q,Q S H
NP_000426.2 1192 T I,Uncertain,184,A N V S,0
NP_000426.2 1183 V M,Benign,281,M L,0
NP_000426.2 1175 R W,Uncertain,218,P K L Q G,L H Q
NP_000426.2 1137 C R,Damaging,292,0,0
NP_000426.2 1133 H Q,Uncertain,211,N,0
NP_000426.2 1119 C Y,Damaging,292,0,0
NP_000426.2 1105 G A,Uncertain,278,D,0
NP_000426.2 1100 R H,Uncertain,270,Q H,Q
NP_000426.2 1099 C Y,Damaging,292,0,0
NP_000426.2 1081 C R,Damaging,292,0,0
NP_000426.2 1076 R C,Uncertain,164,Y H,Y F H
NP_000426.2 1061 C Y,Damaging,292,0,0
NP_000426.2 1057 A V,Uncertain,184,G E V T,Y G T
NP_000426.2 1031 R C,Uncertain,256,P N S H,T S H
NP_000426.2 1022 C F,Damaging,292,0,0
NP_000426.2 1021 Y C,Uncertain,225,A N S H,T S H
NP_000426.2 1020 A P,Uncertain,233,T S,G P V T
NP_000426.2 1015 C R,Damaging,292,0,0
NP_000426.2 1014 R C,Uncertain,219,L H,0
NP_000426.2 1009 C Y,Damaging,292,0,0
NP_000426.2 1006 R C,Uncertain,198,L H,P L C Q S H F
NP_000426.2 1004 C Y,Damaging,292,0,0
NP_000426.2 997 C G,Damaging,292,0,0
NP_000426.2 985 R C,Uncertain,211,K L Q S H I E,H
NP_000426.2 984 F C,Uncertain,222,Y L,Y
NP_000426.2 836 T I,Benign,234,A L N I,0
NP_000426.2 767 R H,Uncertain,187,Q H,T S
NP_000426.2 680 R H,Benign,151,Q S T H,0
NP_000426.2 667 G C,Uncertain,236,A S R,Q R H K
NP_000426.2 617 C R,Damaging,292,0,0
NP_000426.2 607 R C,Uncertain,234,Y N H,0
NP_000426.2 606 C R,Damaging,292,0,0
NP_000426.2 592 R C,Uncertain,233,L H Q,0
NP_000426.2 587 R C,Uncertain,234,Y H,0
NP_000426.2 579 C Y,Damaging,292,0,0
NP_000426.2 578 R C,Damaging,292,0,0
NP_000426.2 564 A T,Damaging,292,0,0
NP_000426.2 558 R C,Uncertain,234,T D A N S H,0
NP_000426.2 557 G C,Damaging,292,0,0
NP_000426.2 549 C Y,Damaging,292,0,0
NP_000426.2 544 R C,Uncertain,156,0,K L N Q H
NP_000426.2 533 C R,Damaging,292,0,0
NP_000426.2 532 R C,Uncertain,282,G H,0
NP_000426.2 531 C G,Damaging,292,0,0
NP_000426.2 523 V M,Benign,283,M I,0
NP_000426.2 516 C F,Damaging,292,0,0
NP_000426.2 511 C Y,Damaging,292,0,0
NP_000426.2 511 C G,Damaging,292,0,0
NP_000426.2 498 G C,Damaging,292,0,0
NP_000426.2 497 S L,Damaging,291,P,0
NP_000426.2 496 P L,Damaging,292,0,0
NP_000426.2 484 C F,Damaging,292,0,0
NP_000426.2 484 C Y,Damaging,292,0,0
NP_000426.2 478 C Y,Damaging,292,0,0
NP_000426.2 455 C Y,Damaging,292,0,0
NP_000426.2 455 C F,Damaging,292,0,0
NP_000426.2 455 C S,Damaging,292,0,0
NP_000426.2 455 C R,Damaging,292,0,0
NP_000426.2 446 C F,Damaging,292,0,0
NP_000426.2 428 C Y,Damaging,292,0,0
NP_000426.2 428 C S,Damaging,292,0,0
NP_000426.2 423 Y C,Damaging,292,0,0
NP_000426.2 421 R C,Damaging,291,P,0
NP_000426.2 420 G C,Damaging,292,0,0
NP_000426.2 419 C G,Damaging,292,0,0
NP_000426.2 414 S C,Damaging,292,0,0
NP_000426.2 402 C S,Damaging,292,0,0
NP_000426.2 396 S C,Damaging,292,0,0
NP_000426.2 379 C G,Damaging,292,0,0
NP_000426.2 373 G C,Damaging,292,0,0
NP_000426.2 337 Y C,Damaging,292,0,0
NP_000426.2 332 R C,Damaging,292,0,0
NP_000426.2 329 C Y,Damaging,292,0,0
NP_000426.2 323 C S,Damaging,292,0,0
NP_000426.2 319 A C,Uncertain,256,Q,Q
NP_000426.2 318 C Y,Damaging,292,0,0
NP_000426.2 284 A T,Damaging,292,0,0
NP_000426.2 272 T M,Uncertain,279,N,H
NP_000426.2 271 C R,Damaging,291,,L
NP_000426.2 260 C F,Damaging,292,0,0
NP_000426.2 258 Y C,Damaging,292,0,0
NP_000426.2 251 C Y,Damaging,292,0,0
NP_000426.2 251 C R,Damaging,292,0,0
NP_000426.2 224 C Y,Damaging,292,0,0
NP_000426.2 222 C Y,Damaging,292,0,0
NP_000426.2 212 C R,Damaging,291,Q,0
NP_000426.2 212 C S,Damaging,291,Q,0
NP_000426.2 207 R C,Uncertain,243,L,0
NP_000426.2 201 C S,Damaging,292,0,0
NP_000426.2 201 C F,Damaging,292,0,0
NP_000426.2 201 C Y,Damaging,292,0,0
NP_000426.2 198 A V,Uncertain,134,T L V M S I,T V S I Y E
NP_000426.2 194 C Y,Damaging,292,0,0
NP_000426.2 194 C F,Damaging,292,0,0
NP_000426.2 194 C R,Damaging,292,0,0
NP_000426.2 194 C S,Damaging,292,0,0
NP_000426.2 189 Y C,Uncertain,275,F H,H F
NP_000426.2 185 C F,Damaging,292,0,0
NP_000426.2 185 C Y,Damaging,292,0,0
NP_000426.2 185 C G,Damaging,292,0,0
NP_000426.2 185 C R,Damaging,292,0,0
NP_000426.2 183 C F,Damaging,292,0,0
NP_000426.2 183 C Y,Damaging,292,0,0
NP_000426.2 182 R C,Uncertain,254,H,0
NP_000426.2 179 G V,Damaging,292,0,0
NP_000426.2 174 C F,Damaging,292,0,0
NP_000426.2 174 C Y,Damaging,292,0,0
NP_000426.2 174 C S,Damaging,292,0,0
NP_000426.2 170 H R,Uncertain,287,Y N,N
NP_000426.2 169 R C,Uncertain,219,Q H,Q
NP_000426.2 167 P S,Uncertain,215,0,T L V S I
NP_000426.2 153 R C,Uncertain,284,L H Q,Q
NP_000426.2 146 C Y,Damaging,292,0,0
NP_000426.2 146 C R,Damaging,292,0,0
NP_000426.2 144 C Y,Damaging,292,0,0
NP_000426.2 141 R C,Uncertain,289,G,0
NP_000426.2 133 R C,Uncertain,279,P S H,0
NP_000426.2 123 C F,Damaging,292,0,0
NP_000426.2 118 S C,Damaging,292,0,0
NP_000426.2 117 C F,Damaging,292,0,0
NP_000426.2 117 C Y,Damaging,292,0,0
NP_000426.2 117 C G,Damaging,292,0,0
NP_000426.2 117 C R,Damaging,292,0,0
NP_000426.2 113 R Q,Benign,287,G Q,0
NP_000426.2 108 C F,Damaging,291,,L
NP_000426.2 106 C R,Damaging,291,,L
NP_000426.2 90 R C,Uncertain,192,H,G
NP_000426.2 87 C R,Damaging,292,0,0
NP_000426.2 82 C F,Damaging,292,0,0
NP_000426.2 82 C R,Damaging,292,0,0
NP_000426.2 76 C Y,Damaging,292,0,0
NP_000426.2 76 C S,Damaging,292,0,0
NP_000426.2 76 C R,Damaging,292,0,0
NP_000426.2 75 R P,Uncertain,245,W H Q,W H
NP_000426.2 71 W C,Uncertain,237,0,A L
NP_000426.2 67 C F,Damaging,292,0,0
NP_000426.2 65 C Y,Damaging,292,0,0
NP_000426.2 65 C F,Damaging,292,0,0
NP_000426.2 65 C S,Damaging,292,0,0
NP_000426.2 65 C G,Damaging,292,0,0
NP_000426.2 63 A T,Uncertain,277,T V F P,T P
NP_000426.2 55 C Y,Damaging,291,T,0
NP_000426.2 55 C R,Damaging,291,T,0
NP_000426.2 54 R C,Uncertain,243,T L Q S H,0
NP_000426.2 49 C Y,Damaging,292,0,0
NP_000426.2 49 C F,Damaging,292,0,0
NP_000426.2 49 C G,Damaging,292,0,0
NP_000426.2 49 C R,Damaging,292,0,0
NP_000426.2 43 C Y,Uncertain,290,L,L
